{
  "export": {
    "emptyTextPlaceholder": "<empty>",
    "boolTextFalse": "False",
    "boolTextTrue": "True",
    "nodocument": "No document selected",
    "inprogress-lbl": "Export in progress",
    "cancel-btn": "Cancel",
    "file-format-label": "Format",
    "start-btn": "Export",
    "titleToggle": "Expand...",
    "titleIncrease": "Increase by",
    "titleDecrease": "Decrease by"
  },
  "exportcsv": {
    "friendlyName": "CSV (*.csv)",
    "settings": {
      "FileName": {
        "label": "FileName",
        "category": "FileName"
      },
      "ColumnsDelimiter": {
        "label": "ColumnsDelimiter",
        "category": "Misc"
      },
      "Encoding": {
        "label": "Encoding",
        "category": "Misc",
        "enum": {
          "utf-8": "Unicode (UTF-8)",
          "us-ascii": "US-ASCII",
          "utf-16": "Unicode"
        }
      },
      "NoHeader": {
        "label": "NoHeader",
        "category": "Misc"
      },
      "QuotationSymbol": {
        "label": "QuotationSymbol",
        "category": "Misc"
      },
      "QuotationMode": {
        "label": "QuotationMode",
        "category": "Misc",
        "enum": {
          "AutoQuote": "AutoQuote",
          "AlwaysQuote": "AlwaysQuote"
        }
      },
      "RowsDelimiter": {
        "label": "RowsDelimiter",
        "category": "Misc"
      },
      "DateTimeFormat": {
        "label": "DateTimeFormat",
        "category": "Misc"
      },
      "NumericFormat": {
        "label": "NumericFormat",
        "category": "Misc"
      }
    }
  },
  "exportdoc": {
    "friendlyName": "Word 2003 (*.doc)",
    "settings": {
      "FileName": {
        "label": "FileName",
        "category": "FileName"
      },
      "Author": {
        "label": "Author",
        "category": "Misc"
      },
      "BaseHref": {
        "label": "BaseUrl",
        "category": "Misc"
      },
      "Generator": {
        "label": "Generator",
        "category": "Misc"
      },
      "PageHeight": {
        "label": "PageHeight",
        "category": "Misc"
      },
      "PageWidth": {
        "label": "PageWidth",
        "category": "Misc"
      },
      "Title": {
        "label": "Title",
        "category": "Misc"
      }
    }
  },
  "exportdocx": {
    "friendlyName": "Word (*.docx)",
    "settings": {
      "FileName": {
        "label": "FileName",
        "category": "FileName"
      },
      "Author": {
        "label": "Author",
        "category": "Misc"
      },
      "CompanyName": {
        "label": "CompanyName",
        "category": "Misc"
      },
      "DocumentCompatibilityVersion": {
        "label": "DocumentCompatibilityVersion",
        "category": "Misc",
        "enum": {
          "Word2007": "Word2007",
          "Word2010": "Word2010",
          "Word2013": "Word2013"
        }
      },
      "DpiX": {
        "label": "DpiX",
        "category": "Misc"
      },
      "DpiY": {
        "label": "DpiY",
        "category": "Misc"
      },
      "Orientation": {
        "label": "PageOrientation",
        "category": "PageSettings",
        "enum": {
          "Default": "Default",
          "Portrait": "Portrait",
          "Landscape": "Landscape"
        }
      },
      "PaperSize": {
        "label": "PaperSize",
        "category": "PageSettings",
        "enum": {
          "Default": "Default",
          "Letter": "Letter",
          "LetterSmall": "LetterSmall",
          "Tabloid": "Tabloid",
          "Ledger": "Ledger",
          "Legal": "Legal",
          "Statement": "Statement",
          "Executive": "Executive",
          "A3": "A3",
          "A4": "A4",
          "A4Small": "A4Small",
          "A5": "A5",
          "B4": "B4",
          "B5": "B5"
        }
      },
      "Password": {
        "label": "Password",
        "category": "SecuritySettings"
      },
      "ReadOnlyRecommended": {
        "label": "ReadOnlyRecommended",
        "category": "SecuritySettings"
      },
      "WritePassword": {
        "label": "WritePassword",
        "category": "SecuritySettings"
      },
      "Title": {
        "label": "Title",
        "category": "Misc"
      },
      "TOCAutoUpdate": {
        "label": "TOCAutoUpdate",
        "category": "Misc"
      }
    }
  },
  "exportjson": {
    "friendlyName": "JSON (*.json)",
    "settings": {
      "FileName": {
        "label": "FileName",
        "category": "FileName"
      },
      "Formatted": {
        "label": "Formatted",
        "category": "Misc"
      },
      "QuotePropertyNames": {
        "label": "QuotePropertyNames",
        "category": "Misc"
      }
    }
  },
  "exportmht": {
    "friendlyName": "Web Archive (*.mht)",
    "settings": {
      "FileName": {
        "label": "FileName",
        "category": "FileName"
      },
      "Fragment": {
        "label": "Fragment",
        "category": "Output"
      },
      "OutputTOC": {
        "label": "OutputTOC",
        "category": "Output"
      },
      "LinkTarget": {
        "label": "LinkTarget",
        "category": "Rendering"
      },
      "Mode": {
        "label": "Mode",
        "category": "Rendering",
        "enum": {
          "Galley": "Galley",
          "Paginated": "Paginated"
        }
      },
      "BookmarkStyle": {
        "label": "BookmarkStyle",
        "category": "Misc",
        "enum": {
          "Html": "Html",
          "None": "None"
        }
      },
      "CharacterSet": {
        "label": "CharacterSet",
        "category": "Misc",
        "enum": {
          "Big5": "Big5",
          "EucJp": "EucJp",
          "HzGb2312": "HzGb2312",
          "Ibm850": "Ibm850",
          "Iso2022Jp": "Iso2022Jp",
          "Iso8859_1": "Iso8859_1",
          "Iso8859_2": "Iso8859_2",
          "Iso8859_5": "Iso8859_5",
          "Iso8859_6": "Iso8859_6",
          "Koi8r": "Koi8r",
          "Ksc5601": "Ksc5601",
          "ShiftJis": "ShiftJis",
          "UnicodeUtf16": "UnicodeUtf16",
          "UnicodeUtf8": "UnicodeUtf8"
        }
      },
      "CreateFramesetPage": {
        "label": "CreateFramesetPage",
        "category": "Misc"
      },
      "IncludeHtmlHeader": {
        "label": "IncludeHtmlHeader",
        "category": "Misc"
      },
      "IncludePageMargins": {
        "label": "IncludePageMargins",
        "category": "Misc"
      },
      "MultiPage": {
        "label": "MultiPage",
        "category": "Misc"
      },
      "OutputType": {
        "label": "OutputType",
        "category": "Misc",
        "enum": {
          "DynamicHtml": "DynamicHtml",
          "LegacyHtml": "LegacyHtml"
        }
      },
      "Pagination": {
        "label": "Pagination",
        "category": "Misc"
      },
      "RemoveVerticalSpace": {
        "label": "RemoveVerticalSpace",
        "category": "Misc"
      },
      "Title": {
        "label": "Title",
        "category": "Misc"
      }
    }
  },
  "exportpdf": {
    "application": "ActiveReports 17",
    "friendlyName": "PDF (*.pdf)",
    "settings": {
      "FileName": {
        "label": "FileName",
        "category": "FileName"
      },
      "Title": {
        "label": "Title",
        "category": "Misc"
      },
      "Author": {
        "label": "Author",
        "category": "Misc"
      },
      "Subject": {
        "label": "Subject",
        "category": "Misc"
      },
      "Keywords": {
        "label": "Keywords",
        "category": "Misc"
      },
      "Application": {
        "label": "Application",
        "category": "Misc"
      },
      "EmbedFonts": {
        "label": "EmbedFonts",
        "category": "Misc",
        "enum": {
          "Partial": "Partial",
          "All": "All",
          "None": "None"
        }
      },
      "Version": {
        "label": "Version",
        "category": "Misc",
        "enum": {
          "Pdf12": "PDF-1.2",
          "Pdf13": "PDF-1.3",
          "Pdf14": "PDF-1.4",
          "Pdf15": "PDF-1.5",
          "Pdf16": "PDF-1.6",
          "Pdf17": "PDF-1.7",
          "Pdf20": "PDF-2.0",
          "PdfA1a": "PDF/A-1a",
          "PdfA1b": "PDF/A-1b",
          "PdfA2a": "PDF/A-2a",
          "PdfA2b": "PDF/A-2b",
          "PdfA2u": "PDF/A-2u",
          "PdfA3a": "PDF/A-3a",
          "PdfA3b": "PDF/A-3b",
          "PdfA3u": "PDF/A-3u",
          "PdfUA1": "PDF/UA-1"
        }
      },
      "UserPassword": {
        "label": "UserPassword",
        "category": "SecuritySettings"
      },
      "OwnerPassword": {
        "label": "OwnerPassword",
        "category": "SecuritySettings"
      },
      "Encrypt": {
        "label": "Encrypt",
        "category": "SecuritySettings"
      },
      "ConvertMetaToPng": {
        "label": "ConvertMetaToPng",
        "category": "Misc"
      },
      "ExportBookmarks": {
        "label": "ExportBookmarks",
        "category": "Misc"
      },
      "ImageInterpolation": {
        "label": "ImageInterpolation",
        "category": "Misc",
        "enum": {
          "Auto": "Auto",
          "None": "None"
        }
      },
      "ImageQuality": {
        "label": "ImageQuality",
        "category": "Misc",
        "enum": {
          "Medium": "Medium",
          "Lowest": "Lowest",
          "Highest": "Highest"
        }
      }
    }
  },
  "exportrtf": {
    "friendlyName": "Rich Text Format (RTF)",
    "settings": {
      "FileName": {
        "label": "FileName",
        "category": "FileName"
      },
      "EnableShapes": {
        "label": "EnableShapes",
        "category": "Misc"
      },
      "Pagination": {
        "label": "Pagination",
        "category": "Misc"
      }
    }
  },
  "exporttiff": {
    "friendlyName": "Tagged Image (*.tiff)",
    "settings": {
      "FileName": {
        "label": "FileName",
        "category": "FileName"
      },
      "Compression": {
        "label": "CompressionScheme",
        "category": "Misc",
        "enum": {
          "None": "None",
          "Rle": "Rle",
          "Ccitt3": "Ccitt3",
          "Ccitt4": "Ccitt4",
          "Lzw": "Lzw"
        }
      },
      "Dither": {
        "label": "Dither",
        "category": "Misc"
      },
      "DpiX": {
        "label": "DpiX",
        "category": "Misc"
      },
      "DpiY": {
        "label": "DpiY",
        "category": "Misc"
      },
      "Pagination": {
        "label": "Pagination",
        "category": "Misc"
      },
      "CompressionScheme": {
        "label": "CompressionScheme",
        "category": "Misc",
        "enum": {
          "None": "None",
          "Rle": "Rle",
          "Ccitt3": "Ccitt3",
          "Ccitt4": "Ccitt4",
          "Lzw": "Lzw"
        }
      }
    }
  },
  "exporttxt": {
    "friendlyName": "Plain Text (TXT)",
    "settings": {
      "FileName": {
        "label": "FileName",
        "category": "FileName"
      },
      "Encoding": {
        "label": "Encoding",
        "category": "Misc",
        "enum": {
          "utf-8": "Unicode (UTF-8)",
          "us-ascii": "US-ASCII",
          "utf-16": "Unicode"
        }
      },
      "PageDelimiter": {
        "label": "PageDelimiter",
        "category": "Misc"
      },
      "QuotationSymbol": {
        "label": "QuotationSymbol",
        "category": "Misc"
      },
      "QuotationMode": {
        "label": "QuotationMode",
        "category": "Misc",
        "enum": {
          "AutoQuote": "AutoQuote",
          "AlwaysQuote": "AlwaysQuote"
        }
      },
      "TextDelimiter": {
        "label": "TextDelimiter",
        "category": "Misc"
      },
      "SuppressEmptyLines": {
        "label": "SuppressEmptyLines",
        "category": "Misc"
      }
    }
  },
  "exportxls": {
    "friendlyName": "Excel 2003 (*.xls)",
    "settings": {
      "FileName": {
        "label": "FileName",
        "category": "FileName"
      },
      "EnableToggles": {
        "label": "EnableToggles",
        "category": "Misc"
      },
      "MultiSheet": {
        "label": "MultiSheet",
        "category": "Misc"
      },
      "LayoutMode": {
        "label": "LayoutMode",
        "category": "Misc",
        "enum": {
          "Galley": "Galley",
          "Paginated": "Paginated"
        }
      },
      "RightToLeft": {
        "label": "RightToLeft",
        "category": "Misc"
      },
      "SheetName": {
        "label": "SheetName",
        "category": "Misc"
      },
      "UseDefaultPalette": {
        "label": "UseDefaultPalette",
        "category": "Misc"
      },
      "Orientation": {
        "label": "PageOrientation",
        "category": "PageSettings",
        "enum": {
          "Default": "Default",
          "Portrait": "Portrait",
          "Landscape": "Landscape"
        }
      },
      "PaperSize": {
        "label": "PaperSize",
        "category": "PageSettings",
        "enum": {
          "Default": "Default",
          "Letter": "Letter",
          "LetterSmall": "LetterSmall",
          "Tabloid": "Tabloid",
          "Ledger": "Ledger",
          "Legal": "Legal",
          "Statement": "Statement",
          "Executive": "Executive",
          "A3": "A3",
          "A4": "A4",
          "A4Small": "A4Small",
          "A5": "A5",
          "B4": "B4",
          "B5": "B5"
        }
      },
      "Password": {
        "label": "Password",
        "category": "Security"
      },
      "ProtectedBy": {
        "label": "ProtectedBy",
        "category": "Security"
      },
      "ReadOnlyRecommended": {
        "label": "ReadOnlyRecommended",
        "category": "Security"
      },
      "WritePassword": {
        "label": "WritePassword",
        "category": "Security"
      },
      "AutoRowHeight": {
        "label": "AutoRowHeight",
        "category": "Misc"
      },
      "DisplayGridLines": {
        "label": "DisplayGridLines",
        "category": "Misc"
      },
      "Pagination": {
        "label": "Pagination",
        "category": "Misc"
      },
      "FileFormat": {
        "label": "FileFormat",
        "category": "Misc",
        "enum": {
          "Xls97Plus": "Xls97Plus",
          "Xls95": "Xls95"
        }
      }
    }
  },
  "exportxlsx": {
    "friendlyName": "Excel (*.xlsx)",
    "settings": {
      "FileName": {
        "label": "FileName",
        "category": "FileName"
      },
      "EnableToggles": {
        "label": "EnableToggles",
        "category": "Misc"
      },
      "MultiSheet": {
        "label": "MultiSheet",
        "category": "Misc"
      },
      "OutputFormat": {
        "label": "OpenXmlStandard",
        "category": "Misc",
        "enum": {
          "OpenXmlTransitional": "Transitional",
          "OpenXmlStrict": "Strict"
        }
      },
      "LayoutMode": {
        "label": "LayoutMode",
        "category": "Misc",
        "enum": {
          "Galley": "Galley",
          "Paginated": "Paginated"
        }
      },
      "RightToLeft": {
        "label": "RightToLeft",
        "category": "Misc"
      },
      "SheetName": {
        "label": "SheetName",
        "category": "Misc"
      },
      "UseCompression": {
        "label": "UseCompression",
        "category": "Misc"
      },
      "UseDefaultPalette": {
        "label": "UseDefaultPalette",
        "category": "Misc"
      },
      "Orientation": {
        "label": "PageOrientation",
        "category": "PageSettings",
        "enum": {
          "Default": "Default",
          "Portrait": "Portrait",
          "Landscape": "Landscape"
        }
      },
      "PaperSize": {
        "label": "PaperSize",
        "category": "PageSettings",
        "enum": {
          "Default": "Default",
          "Letter": "Letter",
          "LetterSmall": "LetterSmall",
          "Tabloid": "Tabloid",
          "Ledger": "Ledger",
          "Legal": "Legal",
          "Statement": "Statement",
          "Executive": "Executive",
          "A3": "A3",
          "A4": "A4",
          "A4Small": "A4Small",
          "A5": "A5",
          "B4": "B4",
          "B5": "B5"
        }
      },
      "Password": {
        "label": "Password",
        "category": "Security"
      },
      "ProtectedBy": {
        "label": "ProtectedBy",
        "category": "Security"
      },
      "ReadOnlyRecommended": {
        "label": "ReadOnlyRecommended",
        "category": "Security"
      },
      "WritePassword": {
        "label": "WritePassword",
        "category": "Security"
      },
      "AutoRowHeight": {
        "label": "AutoRowHeight",
        "category": "Misc"
      },
      "DisplayGridLines": {
        "label": "DisplayGridLines",
        "category": "Misc"
      },
      "OpenXmlStandard": {
        "label": "OpenXmlStandard",
        "category": "Misc",
        "enum": {
          "Transitional": "Transitional",
          "Strict": "Strict"
        }
      },
      "Pagination": {
        "label": "Pagination",
        "category": "Misc"
      }
    }
  },
  "exportxml": {
    "friendlyName": "XML (*.xml)",
    "settings": {
      "FileName": {
        "label": "FileName",
        "category": "FileName"
      },
      "Encoding": {
        "label": "Encoding",
        "category": "Misc",
        "enum": {
          "UTF-8": "UTF-8",
          "ASCII": "ASCII",
          "Unicode": "Unicode"
        }
      }
    }
  },
  "exporttextprint": {
    "friendlyName": "Text Print (*.txt)",
    "settings": {
      "FileName": {
        "label": "FileName",
        "category": "FileName"
      },
      "CharWidth": {
        "label": "CharWidth",
        "category": "Misc"
      },
      "CharHeight": {
        "label": "CharHeight",
        "category": "Misc"
      },
      "HorizontalPaddings": {
        "label": "HorizontalPaddings",
        "category": "Misc",
        "enum": {
          "Adjust": "Adjust",
          "Remove": "Remove",
          "Keep": "Keep"
        }
      },
      "LineEnding": {
        "label": "LineEnding",
        "category": "Misc"
      }
    }
  },
  "exportxlsxdata": {
    "friendlyName": "Excel Data (*.xlsx)",
    "settings": {
      "FileName": {
        "label": "FileName",
        "category": "FileName"
      },
      "AllowImages": {
        "label": "AllowImages",
        "category": "Misc"
      },
      "AutoRowsHeight": {
        "label": "AutoRowsHeight",
        "category": "Misc"
      },
      "RightToLeft": {
        "label": "RightToLeft",
        "category": "Misc"
      },
      "UseCompression": {
        "label": "UseCompression",
        "category": "Misc"
      },
      "Password": {
        "label": "Password",
        "category": "Security"
      },
      "ProtectedBy": {
        "label": "ProtectedBy",
        "category": "Security"
      },
      "ReadOnlyRecommended": {
        "label": "ReadOnlyRecommended",
        "category": "Security"
      },
      "WritePassword": {
        "label": "WritePassword",
        "category": "Security"
      },
      "OpenXmlStandard": {
        "label": "OpenXmlStandard",
        "category": "Misc",
        "enum": {
          "Transitional": "Transitional",
          "Strict": "Strict"
        }
      }
    }
  },
  "exportcsvdata": {
    "friendlyName": "Excel Data (*.csv)",
    "settings": {
      "FileName": {
        "label": "FileName",
        "category": "FileName"
      },
      "ColumnsDelimiter": {
        "label": "ColumnsDelimiter",
        "category": "Misc"
      },
      "Encoding": {
        "label": "Encoding",
        "category": "Misc",
        "enum": {
          "utf-8": "Unicode (UTF-8)",
          "us-ascii": "US-ASCII",
          "utf-16": "Unicode"
        }
      },
      "NoHeader": {
        "label": "NoHeader",
        "category": "Misc"
      },
      "QuotationSymbol": {
        "label": "QuotationSymbol",
        "category": "Misc"
      },
      "RowsDelimiter": {
        "label": "RowsDelimiter",
        "category": "Misc"
      }
    }
  },
  "jsviewer": {
    "errors": {
      "bad-response-delayed": "Bad response delayed content",
      "bad-response-doc": "Bad response export content",
      "bad-response-report": "Bad response export content",
      "bad-response-toc": "Failed getting table of contents",
      "blankValueAssignedToNonBlankParameter": "Blank value assigned to non-Blank parameter.",
      "commandTextIsEmpty": "Command text is empty.",
      "cyclicParameter": "Cyclic report parameter references.",
      "dataSetNotFound": "A DataSet {{dataSetName}} referenced in the report could not be found.",
      "dataSetNotSpecified": "DataSet name needs to be specified in the Fixed Page Layout settings.",
      "datasourceMissingElement": "Missing a required element in {{datasourceName}} shared data source XML document.",
      "export-report": "Export report error.",
      "ie-no-pdf-addon": "To enable printing for IE, please install and enable a PDF reader add-on.",
      "ignore-disposition": "It is expected that the content will be displayed as embedded in the browser, but this will be ignored.",
      "infinitePages": "Endless loop detected.",
      "invalidColumnSpacing": "When Page (width is set in report PageSize) is divided into columns, the width of the column must be greater than zero and the column spacing.",
      "invalidDataTypeForParameter": "Invalid data type for parameter.",
      "invalidKeyInConnectionString": "Invalid key in connection string:{{invalidKey}}",
      "InvalidReportFormat": "Report format is Invalid",
      "invalidSharedDataSource": "The shared data source no longer exists or its content is invalid.",
      "jsonDataSourceNotFound": "The json data source has not been found.",
      "no-doc": "No document loaded.",
      "no-doc-cur": "No current document!",
      "no-fmt": "Invalid format key or module for {{format}} is not loaded.",
      "no-params-refresh": "Refresh failed (not all parameters specified)",
      "no-params-render": "Cannot render (not all parameters specified)",
      "no-report": "Report not found: {{reportId}}",
      "no-toc": "No TOC content.",
      "noDataSets": "No data sets",
      "noLicense": "No license",
      "nullValueAssignedToNonNullableParameter": "Null value assigned to non-Nullable parameter.",
      "parameterNotValidated": "Not validated.",
      "parameterValueIsNotValid": "Parameter value is not a valid value.",
      "params-hidden": "Some hidden parameters are invalid.",
      "print-report": "Print report error.",
      "professionalRequired": "Professional license required.",
      "render-doc": "Failed rendering document",
      "report-open-details": "Cannot obtain report info",
      "report-open-lbl": "Failed to open report",
      "resourceNotFound": "Unable to load resource from:{{uri}}",
      "scriptCompilationFailed": "Script compilation failed.",
      "subreportNotFoundError": "Unable to locate subreport: {{subName}}",
      "subreportNotSpecified": "Subreport name is not specified for a subreport report item {{itemName}}",
      "set-parameters": "Set parameters error",
      "trialExpired": "Trial period has been expired.",
      "unknown-display": "Unknown display type {{displayType}}",
      "unknown-event": "Unknown event was not processed",
      "unknown-format": "Unsupported export type: '{{exportType}}'",
      "unknown-response": "Unknown server response.",
      "UnsupportedReportType": "Requested report type is unsupported",
      "wrong-dpi-settings": "'{{Dpi}}' must be greater than 0"
    },
    "export": {
      "export-preparing": "Preparing export..."
    },
    "panels": {
      "export": "Export",
      "parameters": "Parameters",
      "reports": "Report list",
      "toc": "Table of Contents"
    },
    "toolbar": {
      "galley-mode": "Galley Mode",
      "item-exist": "The item with the same key (\"{{itemKey}}\") already exists.",
      "mode-continious": "Continuous View",
      "mode-single": "Single Page View",
      "print-btn": "Print",
      "print-preparing": "Preparing print..."
    }
  },
  "params": {
    "bool-true-label": "True",
    "bool-false-label": "False",
    "paramsTextInvalidValue": "Invalid Value",
    "datePlaceholder": "Select Date..",
    "daysViewHeaderFormat": "MMMM YYYY",
    "ddpTextNull": "(null)",
    "ddpTextSelectValue": "(select value)",
    "ddpTextSelectAllValues": "(select all)",
    "null": "Null",
    "preview-btn-title": "Preview"
  },
  "paramsView": {
    "boolTextTrue": "True",
    "boolTextFalse": "False",
    "boolTextUnspecified": "Unspecified",
    "btnTextPreview": "Preview",
    "btnTextReset": "Reset",
    "btnTextClear": "Clear",
    "lblTextInvalidValue": "Invalid Value",
    "listTextSelectAllValues": "(select all)",
    "dtTextClear": "Clear",
    "dtTextToday": "Today",
    "dtTextSelectDate": "Select Date..",
    "dtDaysViewHeaderFormat": "MMMM YYYY",
    "dtTextBack": "Back to Calendar",
    "dtMonthYearOrder": "M-Y",
    "dtTitleToggle": "Expand Calendar",
    "ddTitleToggle": "Expand Calendar",
    "ddeTextSelectAllValues": "(select all)",
    "ddeTextSelectValue": "(select value)",
    "ddeTextNull": "(null)",
    "drDaysViewHeaderFormat": "MMMM YYYY",
    "drTabLabelMonthly": "Monthly",
    "drTabLabelAnnually": "Annually",
    "drTextBack": "Back to Calendar",
    "drTabLabelDaily": "Daily",
    "drTextShortcutsList": "Common Ranges",
    "drPlaceholderDateStart": "Start",
    "drPlaceholderDateEnd": "End",
    "drTitleToggle": "Expand Calendar",
    "drShortcutsLabelLastWeek": "Last week",
    "drShortcutsLabelLastMonth": "Last month",
    "drShortcutsLabelLastYear": "Last year",
    "drShortcutsLabelWeekToDate": "Week to date",
    "drShortcutsLabelMonthToDate": "Month to date",
    "drShortcutsLabelYearToDate": "Year to date",
    "nwrpTextNull": "Null"
  },
  "rdlxparams": {
    "TextHasOutstandingDependencies": "* Parameter has outstanding dependencies",
    "TextNeedBoolean": "* Wrong value. Make sure that you enter a valid boolean",
    "TextNoEmptyStrings": "* Wrong value. Empty strings are not allowed",
    "TextMaxInteger": "* Value cannot exceed 32-bit integer",
    "TextNeedInteger": "* Wrong value. Make sure that you enter a valid integer",
    "TextNeedFloat": "* Wrong value. Make sure that you enter a valid float",
    "TextNeedDateTime": "* Wrong value. Make sure that you enter a valid date",
    "TextUnknownError": "! Unknown validation error",
    "TextValueExpected": "* Value Expected",
    "TextPickFromList": "* Wrong value. Pick the right one from the list",
    "TextSingleValueExpected": "* Single value expected",
    "TextNoNull": "* Value cannot be null"
  },
  "viewer": {
    "error": {
      "details": "Details",
      "dismiss": "Dismiss",
      "dismiss-all": "Dismiss All"
    },
    "menu": {
      "toogleText": "Expand menu",
      "aria-label": "Menu",
      "pin-button-title": "Pin"
    },
    "sidebar": {
      "expand-btn": "Expand",
      "collapse-btn": "Collapse",
      "aria-label": "Sidebar"
    },
    "cancel-btn": "Cancel",
    "toolbar": {
      "zoom-fitwidth": "Fit to Width",
      "zoom-fitpage": "Fit Page",
      "zoom-zoomout": "Zoom Out",
      "zoom-zoomin": "Zoom In",
      "zoom-menu-header": "Zoom Mode",
      "gotofirst": "Go To First",
      "gotoprevious": "Go To Previous",
      "gotonext": "Go To Next",
      "gotolast": "Go To Last",
      "hist-parent": "History: Back To Parent",
      "hist-back": "History: Go Back",
      "hist-fwd": "History: Go Forward",
      "movetool": "Move Tool",
      "fullscreen": "Toggle Fullscreen",
      "refresh": "Refresh",
      "cancel": "Cancel",
      "expand": "Expand toolbar",
      "aria-label": "Toolbar"
    },
    "errors": {
      "noHostElement": "Cannot find the host element."
    },
    "top-bottom-panel": {
      "aria-label": "Additional control panel"
    },
    "document-view": {
      "aria-label": "Document view"
    },
    "progress": {
      "page": "Page"
    },
    "search": {
      "match-case": "Match Case",
      "whole-word": "Whole word",
      "cancel-btn": "Cancel",
      "start-search-btn": "Search",
      "clear-btn": "Clear",
      "more-results-btn": "More Results",
      "search-results": "Search Results",
      "search-cancelled-msg": "Search cancelled on page {{page}}",
      "didn-find-msg": "Didn't find anything.",
      "paneltitle": "Search"
    }
  },
  "WebViewer": {
    "Categories": {
      "WebViewer": "WebViewer"
    },
    "Errors": {
      "LocalizationNotAvailable": "Localization is not available: {0}",
      "ReportNotAvailable": "Report is not available: {0}",
      "ReportTypeIsUnknown": "Report type is unknown: {0}",
      "WebCache": "An error occurred in the ActiveReports Web Cache.",
      "WebCacheKeyGenerating": "Error generating web cache key. See inner exception for details."
    },
    "Messages": {
      "Rendering": "Rendering..."
    },
    "Properties": {
      "AvailableExports": "Restricts available export options.",
      "DisplayMode": "Determines the way of showing pages that will be used by this viewer. In the single page mode the viewer shows only one page. In the continuous pages mode the viewer shows sequence of pages. Applicable for HtmlViewer type only.",
      "LocaleURI": "Specifies the URL of a file containing localization strings.",
      "RenderMode": "Determines the way of rendering that will be used by this viewer. Galley mode renders the report in one HTML stream. Select Paginated mode to render each page as a section inside the HTML document.",
      "Report": "The report to be displayed in the viewer.",
      "ReportService": "The report service settings.",
      "ReportServiceSecurityToken": "The security token of the reporting service to WebViewer be connected to.",
      "ReportServiceUrl": "The url of the reporting service to WebViewer be connected to.",
      "ReportsFolder": "Specifies the path to search for requested report files.",
      "ViewerType": "Determines the type of viewer that will be used to show the report in the client machines browser.",
      "WebViewer": "ActiveReports WebViewer"
    }
  }
}